{
    "coord": {
        "lon": 80.2785,
        "lat": 13.0878
    },
    "weather": [{
        "id": 701,
        "main": "Mist",
        "description": "mist",
        "icon": "50d"
    }],
    "base": "stations",
    "main": {
        "temp": 303.14,
        "feels_like": 309.16,
        "temp_min": 303.14,
        "temp_max": 303.14,
        "pressure": 1011,
        "humidity": 74
    },
    "visibility": 3000,
    "wind": {
        "speed": 5.14,
        "deg": 60
    },
    "clouds": {
        "all": 75
    },
    "dt": 1702114089,
    "sys": {
        "type": 1,
        "id": 9218,
        "country": "IN",
        "sunrise": 1702082986,
        "sunset": 1702123945
    },
    "timezone": 19800,
    "id": 1264527,
    "name": "Chennai",
    "cod": 200
}